size,manacher_ms,suffix_array_ms,lcs_dp_ms
100,0.0022166,0.0100168,0.0091414
500,0.0069416,0.078775,0.19385
1000,0.0138332,0.159017,0.781908
5000,0.0672584,0.864583,19.2739
10000,0.1376,2.01471,82.1782
