vertices,edges,kruskal_ms,prim_ms
50,150,0.0035416,0.0049
100,300,0.0059164,0.010325
200,600,0.0131668,0.0308248
500,1500,0.03875,0.120425
1000,3000,0.0891664,0.247333
