size,kmp_ms,z_algo_ms,rabin_karp_ms
1000,0.0022998,0.0029835,0.0430791
5000,0.0112376,0.0101208,0.230667
10000,0.0225333,0.0211415,0.426133
50000,0.119025,0.128625,2.07714
100000,0.220625,0.194221,4.15939
500000,1.10802,0.987825,20.7514
