size,kmp_ms,z_algo_ms,rabin_karp_ms
1000,0.0023916,0.0022083,0.0414874
5000,0.0181958,0.0096501,0.210996
10000,0.0234417,0.0193416,0.417062
50000,0.113637,0.095875,2.08613
100000,0.219096,0.189246,4.17186
500000,1.1184,0.948142,20.7268
